reg_id,event_id,attendee_email,reg_timestamp,payment_status,ticket_type
RE001000,E001,user0@example.com,2025-12-31 10:00,paid,earlybird
RE001001,E001,user1@example.com,2025-12-18 10:00,cancelled,standard
RE001002,E001,user2@example.com,2025-12-23 10:00,pending,student
RE001003,E001,user3@example.com,2026-01-11 10:00,paid,student
RE001004,E001,user4@example.com,2025-12-14 10:00,pending,standard
RE001005,E001,user5@example.com,2026-01-10 10:00,paid,earlybird
RE001006,E001,user6@example.com,2026-01-09 10:00,paid,earlybird
RE001007,E001,user7@example.com,2025-12-27 10:00,paid,earlybird
RE001008,E001,user8@example.com,2025-12-18 10:00,paid,standard
RE001009,E001,user9@example.com,2025-12-21 10:00,pending,earlybird
RE001010,E001,user10@example.com,2026-01-06 10:00,pending,earlybird
RE001011,E001,user11@example.com,2025-12-15 10:00,cancelled,student
RE001012,E001,user12@example.com,2026-01-05 10:00,cancelled,earlybird
RE001013,E001,user13@example.com,2025-12-20 10:00,paid,earlybird
RE001014,E001,user14@example.com,2026-01-02 10:00,pending,earlybird
RE001015,E001,user15@example.com,2025-12-22 10:00,pending,student
RE001016,E001,user16@example.com,2025-12-14 10:00,cancelled,student
RE001017,E001,user17@example.com,2026-01-08 10:00,paid,standard
RE001018,E001,user18@example.com,2026-01-09 10:00,pending,standard
RE001019,E001,user19@example.com,2025-12-24 10:00,cancelled,standard
RE001020,E001,user20@example.com,2025-12-24 10:00,paid,standard
RE001021,E001,user21@example.com,2026-01-09 10:00,cancelled,earlybird
RE001022,E001,user22@example.com,2026-01-10 10:00,paid,standard
RE001023,E001,user23@example.com,2025-12-14 10:00,paid,student
RE001024,E001,user24@example.com,2026-01-09 10:00,cancelled,standard
RE001025,E001,user25@example.com,2026-01-03 10:00,cancelled,student
RE001026,E001,user26@example.com,2026-01-05 10:00,cancelled,standard
RE002000,E002,user0@example.com,2025-12-17 14:00,cancelled,earlybird
RE002001,E002,user1@example.com,2025-12-30 14:00,paid,student
RE002002,E002,user2@example.com,2025-12-20 14:00,pending,standard
RE002003,E002,user3@example.com,2026-01-11 14:00,paid,earlybird
RE002004,E002,user4@example.com,2026-01-01 14:00,pending,student
RE002005,E002,user5@example.com,2026-01-01 14:00,pending,earlybird
RE002006,E002,user6@example.com,2026-01-13 14:00,cancelled,earlybird
RE002007,E002,user7@example.com,2025-12-25 14:00,paid,standard
RE002008,E002,user8@example.com,2026-01-02 14:00,cancelled,student
RE002009,E002,user9@example.com,2025-12-20 14:00,paid,standard
RE002010,E002,user10@example.com,2026-01-08 14:00,paid,earlybird
RE002011,E002,user11@example.com,2025-12-31 14:00,paid,student
RE002012,E002,user12@example.com,2026-01-09 14:00,pending,student
RE002013,E002,user13@example.com,2026-01-07 14:00,paid,student
RE002014,E002,user14@example.com,2025-12-20 14:00,cancelled,standard
RE002015,E002,user15@example.com,2026-01-13 14:00,cancelled,earlybird
RE002016,E002,user16@example.com,2025-12-19 14:00,paid,standard
RE002017,E002,user17@example.com,2025-12-21 14:00,paid,standard
RE002018,E002,user18@example.com,2026-01-01 14:00,pending,student
RE002019,E002,user19@example.com,2026-01-08 14:00,pending,standard
RE002020,E002,user20@example.com,2026-01-09 14:00,pending,standard
RE002021,E002,user21@example.com,2026-01-02 14:00,pending,student
RE002022,E002,user22@example.com,2026-01-05 14:00,pending,earlybird
RE002023,E002,user23@example.com,2025-12-22 14:00,cancelled,earlybird
RE002024,E002,user24@example.com,2025-12-23 14:00,pending,standard
RE002025,E002,user25@example.com,2026-01-08 14:00,pending,standard
RE002026,E002,user26@example.com,2026-01-13 14:00,cancelled,earlybird
RE002027,E002,user27@example.com,2025-12-28 14:00,paid,earlybird
RE002028,E002,user28@example.com,2026-01-04 14:00,paid,standard
RE003000,E003,user0@example.com,2026-01-02 10:00,cancelled,earlybird
RE003001,E003,user1@example.com,2026-01-12 10:00,paid,earlybird
RE003002,E003,user2@example.com,2026-01-15 10:00,paid,standard
RE003003,E003,user3@example.com,2025-12-29 10:00,paid,earlybird
RE003004,E003,user4@example.com,2025-12-21 10:00,paid,student
RE003005,E003,user5@example.com,2026-01-14 10:00,cancelled,standard
RE003006,E003,user6@example.com,2025-12-30 10:00,cancelled,standard
RE003007,E003,user7@example.com,2025-12-29 10:00,paid,student
RE003008,E003,user8@example.com,2025-12-27 10:00,cancelled,earlybird
RE003009,E003,user9@example.com,2026-01-01 10:00,pending,student
RE003010,E003,user10@example.com,2026-01-11 10:00,cancelled,earlybird
RE003011,E003,user11@example.com,2026-01-07 10:00,paid,student
RE003012,E003,user12@example.com,2026-01-05 10:00,paid,earlybird
RE003013,E003,user13@example.com,2025-12-28 10:00,pending,student
RE003014,E003,user14@example.com,2026-01-07 10:00,paid,standard
RE003015,E003,user15@example.com,2026-01-03 10:00,cancelled,earlybird
RE003016,E003,user16@example.com,2026-01-14 10:00,paid,earlybird
RE003017,E003,user17@example.com,2026-01-11 10:00,cancelled,student
RE003018,E003,user18@example.com,2026-01-13 10:00,pending,standard
RE003019,E003,user19@example.com,2025-12-20 10:00,paid,student
RE003020,E003,user20@example.com,2026-01-08 10:00,paid,student
RE003021,E003,user21@example.com,2025-12-22 10:00,cancelled,earlybird
RE003022,E003,user22@example.com,2026-01-08 10:00,cancelled,earlybird
RE003023,E003,user23@example.com,2026-01-01 10:00,paid,earlybird
RE003024,E003,user24@example.com,2025-12-22 10:00,cancelled,student
RE003025,E003,user25@example.com,2025-12-27 10:00,paid,standard
RE003026,E003,user26@example.com,2026-01-09 10:00,paid,standard
RE003027,E003,user27@example.com,2025-12-25 10:00,cancelled,standard
RE003028,E003,user28@example.com,2026-01-09 10:00,pending,earlybird
RE003029,E003,user29@example.com,2026-01-11 10:00,cancelled,student
RE003030,E003,user30@example.com,2026-01-11 10:00,cancelled,earlybird
RE003031,E003,user31@example.com,2025-12-21 10:00,pending,earlybird
RE003032,E003,user32@example.com,2026-01-02 10:00,pending,standard
RE003033,E003,user33@example.com,2026-01-15 10:00,cancelled,student
RE003034,E003,user34@example.com,2025-12-22 10:00,pending,standard
RE003035,E003,user35@example.com,2026-01-17 10:00,pending,standard
RE004000,E004,user0@example.com,2026-01-12 10:00,paid,earlybird
RE004001,E004,user1@example.com,2026-01-06 10:00,cancelled,earlybird
RE004002,E004,user2@example.com,2026-01-07 10:00,cancelled,standard
RE004003,E004,user3@example.com,2026-01-17 10:00,paid,earlybird
RE004004,E004,user4@example.com,2025-12-23 10:00,paid,earlybird
RE004005,E004,user5@example.com,2026-01-19 10:00,pending,earlybird
RE004006,E004,user6@example.com,2026-01-03 10:00,paid,student
RE004007,E004,user7@example.com,2026-01-16 10:00,paid,student
RE004008,E004,user8@example.com,2026-01-09 10:00,paid,student
RE004009,E004,user9@example.com,2026-01-14 10:00,cancelled,standard
RE004010,E004,user10@example.com,2025-12-30 10:00,paid,student
RE004011,E004,user11@example.com,2025-12-27 10:00,cancelled,student
RE004012,E004,user12@example.com,2026-01-01 10:00,cancelled,standard
RE004013,E004,user13@example.com,2026-01-13 10:00,paid,standard
RE004014,E004,user14@example.com,2025-12-23 10:00,pending,standard
RE004015,E004,user15@example.com,2026-01-15 10:00,cancelled,student
RE004016,E004,user16@example.com,2025-12-26 10:00,pending,earlybird
RE004017,E004,user17@example.com,2025-12-24 10:00,cancelled,standard
RE004018,E004,user18@example.com,2026-01-12 10:00,paid,earlybird
RE004019,E004,user19@example.com,2026-01-17 10:00,pending,standard
RE004020,E004,user20@example.com,2025-12-24 10:00,pending,standard
RE004021,E004,user21@example.com,2026-01-14 10:00,pending,student
RE004022,E004,user22@example.com,2026-01-11 10:00,paid,standard
RE004023,E004,user23@example.com,2026-01-20 10:00,cancelled,standard
RE004024,E004,user24@example.com,2026-01-08 10:00,pending,student
RE004025,E004,user25@example.com,2025-12-24 10:00,paid,student
RE004026,E004,user26@example.com,2026-01-09 10:00,cancelled,earlybird
RE004027,E004,user27@example.com,2026-01-08 10:00,cancelled,earlybird
RE004028,E004,user28@example.com,2026-01-10 10:00,paid,standard
RE004029,E004,user29@example.com,2025-12-23 10:00,pending,standard
RE004030,E004,user30@example.com,2026-01-02 10:00,pending,standard
RE004031,E004,user31@example.com,2026-01-17 10:00,cancelled,student
RE004032,E004,user32@example.com,2026-01-09 10:00,cancelled,student
RE004033,E004,user33@example.com,2026-01-07 10:00,cancelled,earlybird
RE004034,E004,user34@example.com,2026-01-17 10:00,pending,earlybird
RE004035,E004,user35@example.com,2026-01-14 10:00,pending,standard
RE004036,E004,user36@example.com,2025-12-29 10:00,pending,standard
RE004037,E004,user37@example.com,2026-01-04 10:00,cancelled,earlybird
RE004038,E004,user38@example.com,2025-12-28 10:00,cancelled,earlybird
RE004039,E004,user39@example.com,2025-12-30 10:00,paid,student
RE004040,E004,user40@example.com,2026-01-07 10:00,paid,earlybird
RE004041,E004,user41@example.com,2026-01-10 10:00,cancelled,student
RE004042,E004,user42@example.com,2025-12-30 10:00,paid,earlybird
RE004043,E004,user43@example.com,2025-12-23 10:00,pending,earlybird
RE004044,E004,user44@example.com,2026-01-11 10:00,cancelled,student
RE004045,E004,user45@example.com,2026-01-10 10:00,pending,earlybird
RE004046,E004,user46@example.com,2026-01-11 10:00,cancelled,standard
RE004047,E004,user47@example.com,2026-01-14 10:00,pending,earlybird
RE004048,E004,user48@example.com,2026-01-08 10:00,cancelled,earlybird
RE004049,E004,user49@example.com,2025-12-23 10:00,paid,earlybird
RE004050,E004,user50@example.com,2026-01-02 10:00,pending,student
RE004051,E004,user51@example.com,2026-01-03 10:00,paid,student
RE004052,E004,user52@example.com,2026-01-11 10:00,paid,student
RE004053,E004,user53@example.com,2025-12-26 10:00,cancelled,earlybird
RE004054,E004,user54@example.com,2025-12-31 10:00,pending,student
RE004055,E004,user55@example.com,2026-01-06 10:00,pending,earlybird
RE004056,E004,user56@example.com,2026-01-14 10:00,cancelled,student
RE004057,E004,user57@example.com,2025-12-26 10:00,cancelled,standard
RE005000,E005,user0@example.com,2026-01-21 14:00,pending,earlybird
RE005001,E005,user1@example.com,2026-01-02 14:00,cancelled,earlybird
RE005002,E005,user2@example.com,2026-01-13 14:00,paid,standard
RE005003,E005,user3@example.com,2026-01-02 14:00,pending,standard
RE005004,E005,user4@example.com,2025-12-29 14:00,paid,standard
RE005005,E005,user5@example.com,2026-01-23 14:00,paid,standard
RE005006,E005,user6@example.com,2026-01-08 14:00,cancelled,standard
RE005007,E005,user7@example.com,2026-01-09 14:00,pending,earlybird
RE005008,E005,user8@example.com,2026-01-05 14:00,paid,earlybird
RE005009,E005,user9@example.com,2026-01-01 14:00,pending,student
RE005010,E005,user10@example.com,2026-01-11 14:00,paid,standard
RE005011,E005,user11@example.com,2026-01-03 14:00,cancelled,standard
RE005012,E005,user12@example.com,2025-12-26 14:00,paid,student
RE005013,E005,user13@example.com,2026-01-16 14:00,paid,earlybird
RE005014,E005,user14@example.com,2026-01-07 14:00,pending,standard
RE005015,E005,user15@example.com,2026-01-06 14:00,paid,standard
RE005016,E005,user16@example.com,2026-01-09 14:00,paid,student
RE005017,E005,user17@example.com,2026-01-02 14:00,cancelled,earlybird
RE005018,E005,user18@example.com,2026-01-04 14:00,pending,student
RE005019,E005,user19@example.com,2026-01-04 14:00,cancelled,earlybird
RE005020,E005,user20@example.com,2026-01-10 14:00,cancelled,student
RE005021,E005,user21@example.com,2025-12-26 14:00,paid,earlybird
RE005022,E005,user22@example.com,2025-12-27 14:00,pending,student
RE005023,E005,user23@example.com,2026-01-15 14:00,paid,earlybird
RE005024,E005,user24@example.com,2026-01-15 14:00,cancelled,student
RE005025,E005,user25@example.com,2026-01-03 14:00,paid,student
RE005026,E005,user26@example.com,2026-01-09 14:00,paid,earlybird
RE005027,E005,user27@example.com,2026-01-14 14:00,paid,student
RE005028,E005,user28@example.com,2026-01-13 14:00,pending,earlybird
RE005029,E005,user29@example.com,2026-01-21 14:00,paid,standard
RE005030,E005,user30@example.com,2026-01-16 14:00,pending,earlybird
RE005031,E005,user31@example.com,2026-01-19 14:00,cancelled,standard
RE005032,E005,user32@example.com,2026-01-21 14:00,pending,student
RE005033,E005,user33@example.com,2026-01-13 14:00,cancelled,student
RE005034,E005,user34@example.com,2026-01-10 14:00,paid,standard
RE005035,E005,user35@example.com,2025-12-28 14:00,pending,student
RE005036,E005,user36@example.com,2025-12-26 14:00,cancelled,earlybird
RE005037,E005,user37@example.com,2026-01-23 14:00,cancelled,student
RE005038,E005,user38@example.com,2026-01-08 14:00,paid,student
RE006000,E006,user0@example.com,2026-01-02 11:00,pending,student
RE006001,E006,user1@example.com,2026-01-09 11:00,cancelled,earlybird
RE006002,E006,user2@example.com,2026-01-09 11:00,cancelled,standard
RE006003,E006,user3@example.com,2026-01-11 11:00,paid,student
RE006004,E006,user4@example.com,2026-01-13 11:00,pending,standard
RE006005,E006,user5@example.com,2026-01-14 11:00,pending,earlybird
RE006006,E006,user6@example.com,2026-01-05 11:00,pending,earlybird
RE006007,E006,user7@example.com,2026-01-21 11:00,pending,standard
RE006008,E006,user8@example.com,2026-01-07 11:00,cancelled,standard
RE006009,E006,user9@example.com,2026-01-14 11:00,cancelled,earlybird
RE006010,E006,user10@example.com,2026-01-05 11:00,paid,standard
RE006011,E006,user11@example.com,2026-01-06 11:00,pending,standard
RE006012,E006,user12@example.com,2025-12-30 11:00,pending,standard
RE006013,E006,user13@example.com,2026-01-25 11:00,pending,student
RE006014,E006,user14@example.com,2026-01-16 11:00,paid,student
RE006015,E006,user15@example.com,2026-01-16 11:00,pending,student
RE006016,E006,user16@example.com,2026-01-18 11:00,pending,student
RE006017,E006,user17@example.com,2025-12-31 11:00,paid,student
RE006018,E006,user18@example.com,2026-01-26 11:00,cancelled,earlybird
RE006019,E006,user19@example.com,2026-01-25 11:00,pending,standard
RE006020,E006,user20@example.com,2026-01-06 11:00,paid,earlybird
RE006021,E006,user21@example.com,2026-01-25 11:00,paid,standard
RE006022,E006,user22@example.com,2026-01-20 11:00,paid,earlybird
RE006023,E006,user23@example.com,2026-01-22 11:00,paid,standard
RE006024,E006,user24@example.com,2026-01-11 11:00,cancelled,standard
RE006025,E006,user25@example.com,2026-01-08 11:00,paid,student
RE006026,E006,user26@example.com,2026-01-04 11:00,pending,student
RE007000,E007,user0@example.com,2026-01-10 11:00,cancelled,earlybird
RE007001,E007,user1@example.com,2026-01-07 11:00,paid,standard
RE007002,E007,user2@example.com,2026-01-20 11:00,paid,earlybird
RE007003,E007,user3@example.com,2026-01-29 11:00,pending,earlybird
RE007004,E007,user4@example.com,2026-01-08 11:00,pending,student
RE007005,E007,user5@example.com,2026-01-07 11:00,paid,standard
RE007006,E007,user6@example.com,2026-01-11 11:00,cancelled,earlybird
RE007007,E007,user7@example.com,2026-01-22 11:00,paid,earlybird
RE007008,E007,user8@example.com,2026-01-05 11:00,pending,earlybird
RE007009,E007,user9@example.com,2026-01-10 11:00,paid,earlybird
RE007010,E007,user10@example.com,2026-01-04 11:00,paid,student
RE007011,E007,user11@example.com,2026-01-12 11:00,pending,earlybird
RE007012,E007,user12@example.com,2026-01-18 11:00,paid,earlybird
RE007013,E007,user13@example.com,2026-01-09 11:00,pending,standard
RE007014,E007,user14@example.com,2026-01-02 11:00,pending,student
RE007015,E007,user15@example.com,2026-01-26 11:00,pending,student
RE007016,E007,user16@example.com,2026-01-09 11:00,pending,earlybird
RE007017,E007,user17@example.com,2026-01-25 11:00,pending,standard
RE007018,E007,user18@example.com,2026-01-06 11:00,cancelled,earlybird
RE007019,E007,user19@example.com,2026-01-21 11:00,cancelled,earlybird
RE008000,E008,user0@example.com,2026-01-18 09:00,pending,earlybird
RE008001,E008,user1@example.com,2026-01-14 09:00,pending,student
RE008002,E008,user2@example.com,2026-01-05 09:00,paid,standard
RE008003,E008,user3@example.com,2026-01-24 09:00,pending,standard
RE008004,E008,user4@example.com,2026-01-08 09:00,pending,earlybird
RE008005,E008,user5@example.com,2026-01-13 09:00,cancelled,student
RE008006,E008,user6@example.com,2026-01-22 09:00,paid,student
RE008007,E008,user7@example.com,2026-01-05 09:00,pending,standard
RE008008,E008,user8@example.com,2026-01-17 09:00,paid,student
RE008009,E008,user9@example.com,2026-01-07 09:00,pending,student
RE008010,E008,user10@example.com,2026-01-24 09:00,cancelled,earlybird
RE008011,E008,user11@example.com,2026-01-04 09:00,pending,earlybird
RE008012,E008,user12@example.com,2026-02-01 09:00,cancelled,standard
RE008013,E008,user13@example.com,2026-01-30 09:00,paid,earlybird
RE008014,E008,user14@example.com,2026-01-19 09:00,pending,earlybird
RE008015,E008,user15@example.com,2026-01-08 09:00,paid,earlybird
RE008016,E008,user16@example.com,2026-01-17 09:00,cancelled,earlybird
RE008017,E008,user17@example.com,2026-01-17 09:00,pending,standard
RE008018,E008,user18@example.com,2026-01-30 09:00,pending,standard
RE008019,E008,user19@example.com,2026-01-20 09:00,cancelled,standard
RE008020,E008,user20@example.com,2026-01-23 09:00,cancelled,earlybird
RE008021,E008,user21@example.com,2026-01-21 09:00,pending,earlybird
RE008022,E008,user22@example.com,2026-01-16 09:00,pending,student
RE008023,E008,user23@example.com,2026-01-09 09:00,cancelled,student
RE008024,E008,user24@example.com,2026-01-21 09:00,cancelled,student
RE008025,E008,user25@example.com,2026-01-24 09:00,pending,student
RE008026,E008,user26@example.com,2026-01-25 09:00,paid,earlybird
RE008027,E008,user27@example.com,2026-01-26 09:00,pending,standard
RE008028,E008,user28@example.com,2026-01-09 09:00,cancelled,earlybird
RE008029,E008,user29@example.com,2026-01-27 09:00,paid,standard
RE008030,E008,user30@example.com,2026-01-09 09:00,pending,student
RE008031,E008,user31@example.com,2026-01-09 09:00,cancelled,earlybird
RE008032,E008,user32@example.com,2026-01-13 09:00,pending,standard
RE008033,E008,user33@example.com,2026-01-06 09:00,paid,student
RE008034,E008,user34@example.com,2026-01-25 09:00,pending,standard
RE008035,E008,user35@example.com,2026-01-23 09:00,paid,earlybird
RE008036,E008,user36@example.com,2026-01-15 09:00,paid,student
RE008037,E008,user37@example.com,2026-01-31 09:00,paid,earlybird
RE008038,E008,user38@example.com,2026-01-23 09:00,cancelled,standard
RE008039,E008,user39@example.com,2026-01-12 09:00,pending,standard
RE008040,E008,user40@example.com,2026-01-05 09:00,paid,earlybird
RE008041,E008,user41@example.com,2026-01-23 09:00,pending,student
RE008042,E008,user42@example.com,2026-01-18 09:00,pending,standard
RE008043,E008,user43@example.com,2026-01-31 09:00,pending,student
RE008044,E008,user44@example.com,2026-01-29 09:00,paid,student
RE008045,E008,user45@example.com,2026-01-17 09:00,paid,earlybird
RE008046,E008,user46@example.com,2026-01-12 09:00,cancelled,standard
RE008047,E008,user47@example.com,2026-01-28 09:00,paid,earlybird
RE009000,E009,user0@example.com,2026-02-02 10:00,paid,standard
RE009001,E009,user1@example.com,2026-01-18 10:00,pending,earlybird
RE009002,E009,user2@example.com,2026-01-16 10:00,cancelled,standard
RE009003,E009,user3@example.com,2026-01-11 10:00,cancelled,student
RE009004,E009,user4@example.com,2026-01-21 10:00,pending,student
RE009005,E009,user5@example.com,2026-01-08 10:00,cancelled,student
RE009006,E009,user6@example.com,2026-01-26 10:00,cancelled,earlybird
RE009007,E009,user7@example.com,2026-02-03 10:00,cancelled,earlybird
RE009008,E009,user8@example.com,2026-02-01 10:00,paid,earlybird
RE009009,E009,user9@example.com,2026-01-29 10:00,pending,earlybird
RE009010,E009,user10@example.com,2026-02-02 10:00,paid,standard
RE009011,E009,user11@example.com,2026-01-30 10:00,cancelled,standard
RE009012,E009,user12@example.com,2026-01-30 10:00,paid,student
RE009013,E009,user13@example.com,2026-01-21 10:00,cancelled,earlybird
RE009014,E009,user14@example.com,2026-01-20 10:00,pending,standard
RE009015,E009,user15@example.com,2026-01-28 10:00,pending,earlybird
RE009016,E009,user16@example.com,2026-01-26 10:00,cancelled,student
RE009017,E009,user17@example.com,2026-02-02 10:00,cancelled,standard
RE009018,E009,user18@example.com,2026-01-27 10:00,cancelled,earlybird
RE009019,E009,user19@example.com,2026-01-14 10:00,paid,student
RE009020,E009,user20@example.com,2026-02-01 10:00,cancelled,standard
RE009021,E009,user21@example.com,2026-01-15 10:00,paid,student
RE009022,E009,user22@example.com,2026-01-09 10:00,paid,standard
RE009023,E009,user23@example.com,2026-02-03 10:00,paid,student
RE009024,E009,user24@example.com,2026-01-16 10:00,cancelled,earlybird
RE009025,E009,user25@example.com,2026-01-26 10:00,pending,standard
RE009026,E009,user26@example.com,2026-01-21 10:00,cancelled,student
RE009027,E009,user27@example.com,2026-01-13 10:00,pending,student
RE009028,E009,user28@example.com,2026-01-19 10:00,cancelled,student
RE009029,E009,user29@example.com,2026-01-21 10:00,paid,earlybird
RE009030,E009,user30@example.com,2026-02-03 10:00,pending,earlybird
RE009031,E009,user31@example.com,2026-01-25 10:00,cancelled,student
RE009032,E009,user32@example.com,2026-02-04 10:00,paid,standard
RE009033,E009,user33@example.com,2026-01-14 10:00,cancelled,earlybird
RE009034,E009,user34@example.com,2026-02-04 10:00,cancelled,student
RE009035,E009,user35@example.com,2026-01-17 10:00,paid,standard
RE009036,E009,user36@example.com,2026-01-20 10:00,cancelled,earlybird
RE010000,E010,user0@example.com,2026-01-30 11:00,paid,earlybird
RE010001,E010,user1@example.com,2026-01-25 11:00,cancelled,student
RE010002,E010,user2@example.com,2026-02-05 11:00,pending,student
RE010003,E010,user3@example.com,2026-01-25 11:00,pending,student
RE010004,E010,user4@example.com,2026-01-17 11:00,paid,standard
RE010005,E010,user5@example.com,2026-01-28 11:00,pending,earlybird
RE010006,E010,user6@example.com,2026-01-23 11:00,pending,earlybird
RE010007,E010,user7@example.com,2026-01-26 11:00,cancelled,standard
RE010008,E010,user8@example.com,2026-01-24 11:00,paid,student
RE010009,E010,user9@example.com,2026-01-30 11:00,pending,standard
RE010010,E010,user10@example.com,2026-01-14 11:00,pending,earlybird
RE010011,E010,user11@example.com,2026-01-12 11:00,paid,earlybird
RE010012,E010,user12@example.com,2026-01-11 11:00,cancelled,student
RE010013,E010,user13@example.com,2026-01-25 11:00,paid,standard
RE010014,E010,user14@example.com,2026-01-22 11:00,pending,earlybird
RE010015,E010,user15@example.com,2026-01-14 11:00,pending,earlybird
RE010016,E010,user16@example.com,2026-01-24 11:00,paid,standard
RE010017,E010,user17@example.com,2026-01-30 11:00,cancelled,standard
RE010018,E010,user18@example.com,2026-01-29 11:00,pending,earlybird
RE010019,E010,user19@example.com,2026-01-23 11:00,paid,standard
RE010020,E010,user20@example.com,2026-01-18 11:00,cancelled,standard
RE010021,E010,user21@example.com,2026-01-16 11:00,paid,student
RE010022,E010,user22@example.com,2026-01-21 11:00,paid,earlybird
RE010023,E010,user23@example.com,2026-01-25 11:00,paid,standard
RE010024,E010,user24@example.com,2026-01-12 11:00,paid,student
RE010025,E010,user25@example.com,2026-02-04 11:00,cancelled,standard
RE010026,E010,user26@example.com,2026-01-23 11:00,cancelled,student
RE010027,E010,user27@example.com,2026-01-22 11:00,cancelled,student
RE010028,E010,user28@example.com,2026-01-25 11:00,pending,student
RE010029,E010,user29@example.com,2026-01-31 11:00,pending,earlybird
RE010030,E010,user30@example.com,2026-02-03 11:00,pending,standard
RE010031,E010,user31@example.com,2026-01-19 11:00,cancelled,earlybird
RE011000,E011,user0@example.com,2026-01-14 11:00,paid,student
RE011001,E011,user1@example.com,2026-01-17 11:00,pending,student
RE011002,E011,user2@example.com,2026-01-16 11:00,cancelled,student
RE011003,E011,user3@example.com,2026-01-15 11:00,paid,student
RE011004,E011,user4@example.com,2026-01-18 11:00,pending,earlybird
RE011005,E011,user5@example.com,2026-01-23 11:00,cancelled,student
RE011006,E011,user6@example.com,2026-01-14 11:00,paid,student
RE011007,E011,user7@example.com,2026-01-24 11:00,pending,student
RE011008,E011,user8@example.com,2026-01-31 11:00,cancelled,earlybird
RE011009,E011,user9@example.com,2026-01-29 11:00,pending,student
RE011010,E011,user10@example.com,2026-01-14 11:00,paid,earlybird
RE011011,E011,user11@example.com,2026-02-03 11:00,cancelled,student
RE011012,E011,user12@example.com,2026-02-03 11:00,pending,standard
RE011013,E011,user13@example.com,2026-01-31 11:00,cancelled,student
RE011014,E011,user14@example.com,2026-01-19 11:00,pending,student
RE011015,E011,user15@example.com,2026-01-20 11:00,cancelled,standard
RE011016,E011,user16@example.com,2026-01-26 11:00,paid,standard
RE011017,E011,user17@example.com,2026-01-25 11:00,cancelled,student
RE011018,E011,user18@example.com,2026-01-14 11:00,paid,student
RE011019,E011,user19@example.com,2026-02-07 11:00,cancelled,student
RE011020,E011,user20@example.com,2026-02-10 11:00,cancelled,standard
RE011021,E011,user21@example.com,2026-01-28 11:00,cancelled,standard
RE011022,E011,user22@example.com,2026-02-08 11:00,pending,student
RE011023,E011,user23@example.com,2026-01-31 11:00,cancelled,earlybird
RE011024,E011,user24@example.com,2026-01-29 11:00,cancelled,standard
RE011025,E011,user25@example.com,2026-01-14 11:00,pending,earlybird
RE012000,E012,user0@example.com,2026-02-03 11:00,cancelled,earlybird
RE012001,E012,user1@example.com,2026-01-16 11:00,pending,earlybird
RE012002,E012,user2@example.com,2026-02-12 11:00,cancelled,standard
RE012003,E012,user3@example.com,2026-02-06 11:00,cancelled,earlybird
RE012004,E012,user4@example.com,2026-02-04 11:00,paid,earlybird
RE012005,E012,user5@example.com,2026-02-11 11:00,pending,standard
RE012006,E012,user6@example.com,2026-01-20 11:00,cancelled,earlybird
RE012007,E012,user7@example.com,2026-01-17 11:00,paid,student
RE012008,E012,user8@example.com,2026-02-08 11:00,cancelled,student
RE012009,E012,user9@example.com,2026-01-16 11:00,paid,standard
RE012010,E012,user10@example.com,2026-02-03 11:00,paid,student
RE012011,E012,user11@example.com,2026-02-02 11:00,pending,student
RE012012,E012,user12@example.com,2026-02-09 11:00,paid,earlybird
RE012013,E012,user13@example.com,2026-01-31 11:00,cancelled,earlybird
RE012014,E012,user14@example.com,2026-01-19 11:00,paid,standard
RE012015,E012,user15@example.com,2026-02-08 11:00,paid,earlybird
RE012016,E012,user16@example.com,2026-01-17 11:00,pending,earlybird
RE012017,E012,user17@example.com,2026-01-23 11:00,paid,student
RE012018,E012,user18@example.com,2026-01-26 11:00,paid,standard
RE012019,E012,user19@example.com,2026-01-30 11:00,cancelled,student
RE012020,E012,user20@example.com,2026-01-30 11:00,pending,earlybird
RE012021,E012,user21@example.com,2026-02-13 11:00,pending,student
RE012022,E012,user22@example.com,2026-01-23 11:00,cancelled,standard
RE012023,E012,user23@example.com,2026-02-11 11:00,pending,student
RE012024,E012,user24@example.com,2026-01-26 11:00,pending,earlybird
RE012025,E012,user25@example.com,2026-01-31 11:00,cancelled,student
RE012026,E012,user26@example.com,2026-01-30 11:00,pending,standard
RE012027,E012,user27@example.com,2026-02-01 11:00,pending,standard
RE012028,E012,user28@example.com,2026-02-06 11:00,pending,earlybird
RE012029,E012,user29@example.com,2026-02-02 11:00,cancelled,student
RE012030,E012,user30@example.com,2026-01-22 11:00,pending,standard
RE012031,E012,user31@example.com,2026-01-18 11:00,cancelled,student
RE012032,E012,user32@example.com,2026-02-05 11:00,paid,earlybird
RE012033,E012,user33@example.com,2026-01-17 11:00,cancelled,earlybird
RE012034,E012,user34@example.com,2026-02-12 11:00,cancelled,earlybird
RE012035,E012,user35@example.com,2026-01-29 11:00,pending,standard
RE012036,E012,user36@example.com,2026-01-25 11:00,pending,standard
RE012037,E012,user37@example.com,2026-01-24 11:00,paid,earlybird
RE012038,E012,user38@example.com,2026-02-05 11:00,cancelled,earlybird
RE012039,E012,user39@example.com,2026-01-20 11:00,cancelled,earlybird
RE012040,E012,user40@example.com,2026-01-18 11:00,paid,earlybird
RE012041,E012,user41@example.com,2026-02-10 11:00,cancelled,earlybird
